# Timestamp,Type of mobile,MMSI,Latitude,Longitude,Navigational status,ROT,SOG,COG,Heading,IMO,Callsign,Name,Ship type,Cargo type,Width,Length,Type of position fixing device,Draught,Destination,ETA,Data source type,A,B,C,D
28-01-21 0:00,Class A,219019936,54.572615,11.928647,Under way using engine,0,0,302.9,229,Unknown,OZFA2,WIND TRANSPORTER,Cargo,,6,25,GPS,2,GEDSER,27-01-21 16:30,AIS,11,14,3,3
28-01-21 0:00,Class A,277466000,54.405653,12.118348,Under way using engine,0,21.6,79.5,79,Unknown,,,Undefined,,,,Undefined,,,,AIS,,,,
28-01-21 0:00,Class A,265866000,54.74715,12.40895,Under way using engine,0,16.6,210.9,213,Unknown,,,Undefined,,,,Undefined,,,,AIS,,,,
28-01-21 0:00,Class A,219959000,57.398418,8.415093,Engaged in fishing,0,4.9,38.1,42,Unknown,,,Undefined,,,,Undefined,,,,AIS,,,,
28-01-21 0:00,Class A,219006443,57.592683,9.955133,Unknown value,,0,208.9,,Unknown,,,Undefined,,,,Undefined,,,,AIS,,,,
28-01-21 0:00,Class A,219024176,55.592832,12.680202,Under way using engine,0,0,231.9,221,Unknown,,,Undefined,,,,Undefined,,,,AIS,,,,
28-01-21 0:00,Class B,220383000,55.70796,7.982385,Unknown value,,3.3,83.2,,Unknown,,,Undefined,,,,Undefined,,,,AIS,,,,
28-01-21 0:00,AtoN,992111851,54.441605,7.678913,Unknown value,,,,,Unknown,,NSO 0 PLATFORM,Undefined,,,,GPS,,,,AIS,,,,
28-01-21 0:00,Class A,251339110,57.592967,9.963243,Under way using engine,,0,249,,Unknown,,,Undefined,,,,Undefined,,,,AIS,,,,
28-01-21 0:00,Class A,331208000,57.43734,10.54943,Under way using engine,0,0,229.2,317,Unknown,,,Undefined,,,,Undefined,,,,AIS,,,,
28-01-21 0:00,Class A,219797000,56.004132,8.123332,Restricted maneuverability,0,0,259.4,61,Unknown,,,Undefined,,,,Undefined,,,,AIS,,,,
28-01-21 0:00,Class A,219000892,56.9708,9.258733,Under way using engine,0,0,170.8,249,Unknown,,,Undefined,,,,Undefined,,,,AIS,,,,
28-01-21 0:00,Class A,538008697,56.985077,11.74199,Under way using engine,-0.4,12.5,161.5,162,Unknown,,,Undefined,,,,Undefined,,,,AIS,,,,
28-01-21 0:00,Class A,244178000,54.79355,15.539667,Under way using engine,0,12,267.5,267,Unknown,,,Undefined,,,,Undefined,,,,AIS,,,,
28-01-21 0:00,Class A,304833000,55.713642,15.697773,Under way using engine,0,9.4,59.8,60,Unknown,,,Undefined,,,,Undefined,,,,AIS,,,,
28-01-21 0:00,Class A,232008020,57.121985,8.596697,Engaged in fishing,0,0.4,327.4,323,Unknown,,,Undefined,,,,Undefined,,,,AIS,,,,
28-01-21 0:00,Class A,219005747,55.333477,11.134193,Under way sailing,0,0,245.2,248,Unknown,,,Undefined,,,,Undefined,,,,AIS,,,,
28-01-21 0:00,Class A,566619000,57.850362,10.1481,Under way using engine,0,12.8,267.8,267,Unknown,,,Undefined,,,,Undefined,,,,AIS,,,,
28-01-21 0:00,Class A,219005286,55.0876,8.565183,Under way sailing,0,0,222.8,162,Unknown,,,Undefined,,,,Undefined,,,,AIS,,,,
28-01-21 0:00,Class A,219002586,57.591903,9.953725,Engaged in fishing,0,0,227.6,220,Unknown,,,Undefined,,,,Undefined,,,,AIS,,,,
28-01-21 0:00,Class A,209992000,56.633522,11.810258,Under way using engine,0,9.8,39.2,36,Unknown,,,Undefined,,,,Undefined,,,,AIS,,,,
28-01-21 0:00,Class A,309826000,55.023933,13.809718,Under way using engine,-0.7,12.7,172.5,177,Unknown,,,Undefined,,,,Undefined,,,,AIS,,,,
28-01-21 0:00,Class A,219014875,55.334113,11.13777,Under way using engine,0,0,349.9,341,Unknown,,,Undefined,,,,Undefined,,,,AIS,,,,
28-01-21 0:00,Class A,219016906,55.093048,10.241517,Under way using engine,0,0,27,43,9628647,OZHL,FAABORG III,Passenger,,11,40,GPS,3,FAABORG LYOE AVERNAK,31-12-21 0:00,AIS,8,32,1,10
28-01-21 0:00,Class A,219015417,56.128092,12.309533,Under way using engine,,0.1,267.2,,Unknown,,,Undefined,,,,Undefined,,,,AIS,,,,
28-01-21 0:00,Class A,212571000,55.780782,5.132885,Under way using engine,,11.2,233.5,231,Unknown,,,Undefined,,,,Undefined,,,,AIS,,,,
28-01-21 0:00,Class A,219765000,56.699238,8.224457,Engaged in fishing,0,5.4,177,177,Unknown,,,Undefined,,,,Undefined,,,,AIS,,,,
28-01-21 0:00,Class A,265610940,56.044792,12.68789,Under way using engine,0,0,28,68,Unknown,SCDW,PILOT 211 SE,Pilot,,5,17,GPS,,,,AIS,10,7,3,2
28-01-21 0:00,Class A,219005867,57.717322,10.586937,Engaged in fishing,0,0,216.5,306,Unknown,,,Undefined,,,,Undefined,,,,AIS,,,,
28-01-21 0:00,Class A,219000417,55.058493,10.61997,Unknown value,0,0,199.1,217,Unknown,,,Undefined,,,,Undefined,,,,AIS,,,,
28-01-21 0:00,Class A,211611070,54.359782,10.148178,Under way using engine,0,0,2.3,128,Unknown,,,Undefined,,,,Undefined,,,,AIS,,,,
28-01-21 0:00,Class A,538007100,56.336592,12.082077,Under way using engine,0.7,12.8,132.4,130,Unknown,,,Undefined,,,,Undefined,,,,AIS,,,,
28-01-21 0:00,Class A,211293880,54.68231,8.754073,Under way using engine,,0,0.1,,Unknown,,,Undefined,,,,Undefined,,,,AIS,,,,
28-01-21 0:00,Class A,373593000,55.066572,14.042118,Under way using engine,0,12.6,245.2,248,Unknown,,,Undefined,,,,Undefined,,,,AIS,,,,
28-01-21 0:00,Class A,219000827,57.121305,8.601095,Under way using engine,0,0,301.6,324,Unknown,,,Undefined,,,,Undefined,,,,AIS,,,,
28-01-21 0:00,Class A,355249000,57.662722,11.145333,Under way using engine,0,14.9,318.4,317,Unknown,,,Undefined,,,,Undefined,,,,AIS,,,,
28-01-21 0:00,Class A,212733000,57.527,9.484167,Under way using engine,-1.1,17.1,57,55,Unknown,,,Undefined,,,,Undefined,,,,AIS,,,,
28-01-21 0:00,Class A,219018172,56.152675,10.253437,Under way using engine,0,0,336.5,22,Unknown,,,Undefined,,,,Undefined,,,,AIS,,,,
28-01-21 0:00,Class A,265577480,57.712917,11.690083,Under way using engine,0,0,60.6,266,Unknown,,,Undefined,,,,Undefined,,,,AIS,,,,
28-01-21 0:00,Class A,211519000,54.682363,9.992162,Engaged in fishing,0,0,0,277,Unknown,,,Undefined,,,,Undefined,,,,AIS,,,,
28-01-21 0:00,Class A,563092500,54.676067,15.393733,Under way using engine,0,13.6,82,86,Unknown,,,Undefined,,,,Undefined,,,,AIS,,,,
28-01-21 0:00,Class A,636092048,57.831667,10.881,Under way using engine,6.4,18.1,308,309,Unknown,,,Undefined,,,,Undefined,,,,AIS,,,,
28-01-21 0:00,Class A,265571320,57.704693,11.93942,Under way using engine,0,0,98.7,247,Unknown,,,Undefined,,,,Undefined,,,,AIS,,,,
28-01-21 0:00,Class A,211190000,54.5657,11.2847,Under way using engine,1.1,14.3,25.8,21,Unknown,,,Undefined,,,,Undefined,,,,AIS,,,,
28-01-21 0:00,Class A,249127000,57.026517,8.217957,Under way using engine,0,9,234.5,237,Unknown,,,Undefined,,,,Undefined,,,,AIS,,,,
28-01-21 0:00,Class A,265410000,57.659835,11.768927,Under way using engine,21.6,19.1,246.7,250,9125944,SEAN,STENA JUTLANDICA,Passenger,Category OS,33,183,GPS,6,SEGOT>DKFDH>SEGOT,28-01-21 2:10,AIS,30,153,28,5
28-01-21 0:00,Class A,246118000,57.717932,10.587913,Engaged in fishing,,0,246.3,,Unknown,,,Undefined,,,,Undefined,,,,AIS,,,,
28-01-21 0:00,Class A,219023648,56.106792,11.234622,Under way using engine,,15.4,327,324,Unknown,,,Undefined,,,,Undefined,,,,AIS,,,,
28-01-21 0:00,Class A,376317000,57.663533,9.006517,Under way using engine,0,9.4,213.2,214,Unknown,,,Undefined,,,,Undefined,,,,AIS,,,,
28-01-21 0:00,Class A,538009228,55.419833,14.56015,Under way using engine,0,10.9,219,222,Unknown,,,Undefined,,,,Undefined,,,,AIS,,,,
28-01-21 0:00,Class A,273544130,56.436792,11.515085,Under way using engine,0,5,213.9,218,Unknown,,,Undefined,,,,Undefined,,,,AIS,,,,
28-01-21 0:00,Class B,219004355,91,181,Unknown value,,,,,Unknown,OU7759,B/B PILEN,Tug,,4,17,Undefined,,,,AIS,14,3,2,2
28-01-21 0:00,Class A,265797590,55.867907,12.82361,Under way using engine,,0,,,Unknown,,,Undefined,,,,Undefined,,,,AIS,,,,
28-01-21 0:00,Class A,258879000,56.798308,10.679735,Under way using engine,0,9.4,35.3,36,Unknown,,,Undefined,,,,Undefined,,,,AIS,,,,
28-01-21 0:00,Class A,211519950,56.00581,8.12017,Engaged in fishing,0,0,3.9,333,Unknown,,,Undefined,,,,Undefined,,,,AIS,,,,
28-01-21 0:00,Class A,226099000,57.837982,9.54634,Under way using engine,0,12.7,236,236,Unknown,,,Undefined,,,,Undefined,,,,AIS,,,,
28-01-21 0:00,Class A,219023648,56.106792,11.234622,Under way using engine,,15.4,327,324,Unknown,,,Undefined,,,,Undefined,,,,AIS,,,,
28-01-21 0:00,Class A,220352000,55.963367,11.846107,Unknown value,0,0,121.6,101,Unknown,XP4513,WICKI-ALEX,Fishing,,6,16,Internal,2,FISHING,,AIS,14,2,3,3
28-01-21 0:00,Class A,219024000,57.717683,10.586845,Engaged in fishing,0,0,239,129,Unknown,,,Undefined,,,,Undefined,,,,AIS,,,,
28-01-21 0:00,Class A,305184000,55.859822,12.835173,Moored,0,0.1,48.1,60,Unknown,,,Undefined,,,,Undefined,,,,AIS,,,,
28-01-21 0:00,Class A,211182380,54.795042,9.433127,Unknown value,,0,42,,Unknown,,,Undefined,,,,Undefined,,,,AIS,,,,
28-01-21 0:00,Class A,211903000,55.937672,10.968348,Under way using engine,-3.6,9.2,225.2,226,Unknown,,,Undefined,,,,Undefined,,,,AIS,,,,
28-01-21 0:00,Class A,219017895,55.70037,15.066418,Engaged in fishing,0,3.1,353.3,351,Unknown,,,Undefined,,,,Undefined,,,,AIS,,,,
28-01-21 0:00,Class A,219004275,57.122847,8.59785,Engaged in fishing,0,0,0,148,Unknown,,,Undefined,,,,Undefined,,,,AIS,,,,
28-01-21 0:00,Class A,636092817,56.2078,6.880047,Under way using engine,0,11.7,7.4,6,Unknown,,,Undefined,,,,Undefined,,,,AIS,,,,
28-01-21 0:00,Class A,219001189,55.414633,8.238745,Engaged in fishing,0,3.2,324,324,Unknown,,,Undefined,,,,Undefined,,,,AIS,,,,
28-01-21 0:00,Class A,219005938,57.121973,8.598847,Engaged in fishing,,0,263.2,,Unknown,,,Undefined,,,,Undefined,,,,AIS,,,,
28-01-21 0:00,Class A,245258000,54.42908,11.694303,Under way using engine,0,16.6,112.3,113,Unknown,,,Undefined,,,,Undefined,,,,AIS,,,,
28-01-21 0:00,Class A,219000899,55.781593,11.297717,Under way using engine,0,0,0,139,Unknown,,,Undefined,,,,Undefined,,,,AIS,,,,
28-01-21 0:00,Class A,249077000,54.676135,10.929705,Under way using engine,6.4,11.7,123.4,126,Unknown,,,Undefined,,,,Undefined,,,,AIS,,,,
28-01-21 0:00,Class A,219601000,56.153892,10.666728,Under way using engine,0,0,244,235,Unknown,,,Undefined,,,,Undefined,,,,AIS,,,,
28-01-21 0:00,Class A,231024000,55.226227,14.128988,Under way using engine,10,10,272.9,269,Unknown,,,Undefined,,,,Undefined,,,,AIS,,,,
28-01-21 0:00,Class A,265610950,55.613705,12.997323,Under way using engine,0,0,108.5,325,Unknown,,,Undefined,,,,Undefined,,,,AIS,,,,
28-01-21 0:00,Class A,220304000,56.715722,11.512495,Engaged in fishing,0,0,225.1,282,Unknown,,,Undefined,,,,Undefined,,,,AIS,,,,
28-01-21 0:00,Class A,273418960,54.63092,11.37586,Restricted maneuverability,,0.1,277.5,26,Unknown,,,Undefined,,,,Undefined,,,,AIS,,,,
28-01-21 0:00,Class A,210350000,55.345783,11.030202,Under way using engine,0,9.9,177.3,177,Unknown,,,Undefined,,,,Undefined,,,,AIS,,,,
28-01-21 0:00,Class A,273337270,55.382672,14.637472,Under way using engine,0,12.5,58.1,62,Unknown,,,Undefined,,,,Undefined,,,,AIS,,,,
28-01-21 0:00,Class A,211379770,91,181,Under way using engine,0,,,143,Unknown,,,Undefined,,,,Undefined,,,,AIS,,,,
28-01-21 0:00,Class A,308701000,57.412325,8.40433,Under way using engine,0,19.4,236,234,Unknown,,,Undefined,,,,Undefined,,,,AIS,,,,
28-01-21 0:00,Class B,219027249,91,181,Unknown value,,,,,Unknown,XPH5905,PLOMBEN III,Pleasure,,4,20,Undefined,,,,AIS,3,17,2,2
28-01-21 0:00,Class A,219026197,54.856672,10.521728,Under way using engine,0,0,219,25,9861500,OXFY,AEROEXPRESSEN,Passenger,,13,50,GPS,1.9,MARSTAL<>RUDKOEBING,27-01-21 14:40,AIS,27,23,11,2
28-01-21 0:00,Class A,220024000,56.672378,11.894915,Engaged in fishing,0,2.6,207.5,219,Unknown,OU7616,RI158 LYNGVIG,Fishing,,4,16,GPS,2,,,AIS,11,5,2,2
28-01-21 0:00,Class A,566255000,55.656307,15.476725,Under way using engine,0,12.6,61.7,60,Unknown,,,Undefined,,,,Undefined,,,,AIS,,,,
28-01-21 0:00,Class A,266000000,55.620063,15.226007,Under way sailing,0,12.4,61.6,59,Unknown,,,Undefined,,,,Undefined,,,,AIS,,,,
28-01-21 0:00,Class A,211796430,54.472208,9.03604,Under way using engine,0,0,,256,Unknown,,,Undefined,,,,Undefined,,,,AIS,,,,
28-01-21 0:00,Class A,219008474,91,181,Unknown value,,,,,Unknown,XP2262,SORAYA H272,Fishing,,4,13,GPS,2,,,AIS,10,3,2,2
28-01-21 0:00,Class A,238252000,57.839215,10.100615,Under way using engine,0,12.4,265,264,Unknown,,,Undefined,,,,Undefined,,,,AIS,,,,
28-01-21 0:00,Class A,304219000,56.29544,12.252045,Under way using engine,0,12.4,325.3,328,Unknown,,,Undefined,,,,Undefined,,,,AIS,,,,
28-01-21 0:00,Class A,231024000,55.226227,14.128988,Under way using engine,10,10,272.9,269,Unknown,,,Undefined,,,,Undefined,,,,AIS,,,,
28-01-21 0:00,Class A,219000584,55.879878,11.137562,Under way using engine,0,0,242.5,225,Unknown,,,Undefined,,,,Undefined,,,,AIS,,,,
28-01-21 0:00,Class A,220181000,56.004827,8.123218,Engaged in fishing,0,0,155.1,243,Unknown,,,Undefined,,,,Undefined,,,,AIS,,,,
28-01-21 0:00,Class A,210061000,55.182273,11.088828,Under way using engine,0,8.4,22.2,19,Unknown,,,Undefined,,,,Undefined,,,,AIS,,,,
28-01-21 0:00,Class A,220018000,56.434578,11.99335,Under way using engine,0,10,249,252,Unknown,,,Undefined,,,,Undefined,,,,AIS,,,,
28-01-21 0:00,Class A,273370640,54.76801,15.17613,Restricted maneuverability,3.6,0.2,179.1,222,9682423,UBAN4,MURMAN,Other,,18,87,Combined GPS/GLONASS,6.5,OFFSHORE,24-01-21 22:00,AIS,34,53,8,10
28-01-21 0:00,Class A,255805907,55.560647,15.273895,Under way using engine,0,18.1,63.5,62,Unknown,,,Undefined,,,,Undefined,,,,AIS,,,,
28-01-21 0:00,Class A,219002801,57.720918,10.602363,Unknown value,,0,256.2,,Unknown,,,Undefined,,,,Undefined,,,,AIS,,,,
28-01-21 0:00,Class A,212255000,54.54501,11.377148,Under way using engine,0,8.8,293.6,293,Unknown,,,Undefined,,,,Undefined,,,,AIS,,,,
28-01-21 0:00,Class A,636014189,57.760667,8.8995,Under way using engine,-5.4,12.2,234.6,233,Unknown,,,Undefined,,,,Undefined,,,,AIS,,,,
28-01-21 0:00,Class A,219014162,57.122442,8.600528,Engaged in fishing,0,0,304.2,148,Unknown,,,Undefined,,,,Undefined,,,,AIS,,,,
28-01-21 0:00,Class A,219622000,56.03309,12.617208,Under way using engine,0,0,254.7,258,Unknown,,,Undefined,,,,Undefined,,,,AIS,,,,
28-01-21 0:00,Class A,219138000,56.698043,8.219575,Engaged in fishing,0,0,214.9,336,Unknown,,,Undefined,,,,Undefined,,,,AIS,,,,
28-01-21 0:00,Class A,219633000,57.120373,8.598592,Engaged in fishing,0,0,220.2,62,Unknown,,,Undefined,,,,Undefined,,,,AIS,,,,
28-01-21 0:00,Class A,246883000,55.390767,11.01775,Under way using engine,0,6.7,327.4,329,Unknown,,,Undefined,,,,Undefined,,,,AIS,,,,
28-01-21 0:00,Class A,219014012,55.475348,8.424293,Under way using engine,0,0,58.5,63,Unknown,,,Undefined,,,,Undefined,,,,AIS,,,,
28-01-21 0:00,Class A,219578000,54.69855,12.526917,Under way using engine,0,14.2,235.5,236,Unknown,,,Undefined,,,,Undefined,,,,AIS,,,,
28-01-21 0:00,Class A,246376000,55.039333,13.834,Restricted maneuverability,,3.7,243,243,Unknown,,,Undefined,,,,Undefined,,,,AIS,,,,
28-01-21 0:00,Class A,219329000,55.47826,8.42106,Under way using engine,0,0.1,38.9,63,Unknown,,,Undefined,,,,Undefined,,,,AIS,,,,
28-01-21 0:00,Class A,235083501,57.90932,8.411162,Under way using engine,0,13.5,241.7,240,Unknown,,,Undefined,,,,Undefined,,,,AIS,,,,
28-01-21 0:00,Class B,219010246,56.788393,8.875627,Unknown value,,0,319.7,,Unknown,,,Undefined,,,,Undefined,,,,AIS,,,,
28-01-21 0:00,Class A,219001265,55.473182,8.424942,Engaged in fishing,0,,,232,Unknown,,,Undefined,,,,Undefined,,,,AIS,,,,
28-01-21 0:00,Base Station,2190049,55.735817,10.918783,Unknown value,,,,,Unknown,,,Undefined,,,,Surveyed,,,,AIS,,,,
28-01-21 0:00,Class A,314455000,57.209967,11.8704,Under way using engine,,10.6,135,143,Unknown,,,Undefined,,,,Undefined,,,,AIS,,,,
28-01-21 0:00,Class A,331428000,57.716333,10.585062,Under way using engine,0,0,236.7,237,Unknown,,,Undefined,,,,Undefined,,,,AIS,,,,
28-01-21 0:00,Class A,265705100,55.756652,12.903433,Unknown value,,0.1,255.7,,Unknown,,,Undefined,,,,Undefined,,,,AIS,,,,
28-01-21 0:00,Class A,235103408,55.268723,9.88833,Restricted maneuverability,,0,85.1,,Unknown,,,Undefined,,,,Undefined,,,,AIS,,,,
28-01-21 0:00,Class A,219650000,54.910507,12.887865,Under way using engine,,0.2,341,255,Unknown,,,Undefined,,,,Undefined,,,,AIS,,,,
28-01-21 0:00,Class A,209869000,55.335735,13.137252,Under way using engine,,14.7,356.5,359,Unknown,,,Undefined,,,,Undefined,,,,AIS,,,,
28-01-21 0:00,Class A,255806366,54.456167,12.1871,Under way using engine,2.2,11.8,217.8,220,Unknown,,,Undefined,,,,Undefined,,,,AIS,,,,
28-01-21 0:00,Class B,219012459,91,181,Unknown value,,,,,Unknown,OU 3102,,Fishing,,5,15,Undefined,,,,AIS,10,5,2,3
28-01-21 0:00,Class A,209718000,55.214098,12.162157,Moored,0,0,252.1,74,Unknown,,,Undefined,,,,Undefined,,,,AIS,,,,
28-01-21 0:00,Class A,219009338,54.572415,11.928382,Under way using engine,0,0,319,26,Unknown,,,Undefined,,,,Undefined,,,,AIS,,,,
28-01-21 0:00,Class A,219019936,54.572618,11.928642,Under way using engine,0,0.1,302.9,229,Unknown,OZFA2,WIND TRANSPORTER,Cargo,,6,25,GPS,2,GEDSER,27-01-21 16:30,AIS,11,14,3,3
28-01-21 0:00,Class A,304080887,54.830787,12.975498,Under way using engine,0,15,249.5,250,Unknown,,,Undefined,,,,Undefined,,,,AIS,,,,
28-01-21 0:00,Class A,219012162,54.535217,12.255483,Under way using engine,0,6.8,260.1,264,Unknown,,,Undefined,,,,Undefined,,,,AIS,,,,
28-01-21 0:00,Class A,265011000,54.674073,13.070922,Under way using engine,0,7.9,249,249,Unknown,,,Undefined,,,,Undefined,,,,AIS,,,,
28-01-21 0:00,Class A,219016555,54.876033,11.0287,Under way using engine,0,0,248,248,Unknown,,,Undefined,,,,Undefined,,,,AIS,,,,
28-01-21 0:00,Class A,255803560,54.438508,12.221442,Under way using engine,0,11.3,36.5,34,Unknown,,,Undefined,,,,Undefined,,,,AIS,,,,
28-01-21 0:00,Class A,265708000,57.64551,11.85809,Under way using engine,0,0.1,212.9,107,Unknown,,,Undefined,,,,Undefined,,,,AIS,,,,
28-01-21 0:00,Class A,219026000,55.421872,12.382045,Under way using engine,0,15.5,101,100,Unknown,,,Undefined,,,,Undefined,,,,AIS,,,,
28-01-21 0:00,Class A,266139000,56.781767,12.02521,Engaged in fishing,,2.1,16.1,10,Unknown,,,Undefined,,,,Undefined,,,,AIS,,,,
28-01-21 0:00,Class A,273392360,54.73628,15.103342,Restricted maneuverability,0,0.2,287.7,199,Unknown,,,Undefined,,,,Undefined,,,,AIS,,,,
28-01-21 0:00,Class A,538008651,56.581855,12.194943,Under way using engine,0,12.7,167.1,164,Unknown,,,Undefined,,,,Undefined,,,,AIS,,,,
28-01-21 0:00,Class A,219002827,57.717468,10.587312,Under way using engine,0,0,246.7,130,Unknown,,,Undefined,,,,Undefined,,,,AIS,,,,
28-01-21 0:00,Class A,211445220,54.152633,9.374522,Under way using engine,,0,0,,Unknown,,,Undefined,,,,Undefined,,,,AIS,,,,
28-01-21 0:00,Class A,258407000,55.250603,13.572885,Under way using engine,0,9.3,275.1,272,Unknown,,,Undefined,,,,Undefined,,,,AIS,,,,
28-01-21 0:00,Class A,219002047,57.593178,9.957397,Engaged in fishing,0,0,237.5,43,Unknown,,,Undefined,,,,Undefined,,,,AIS,,,,
28-01-21 0:00,Class A,273390790,55.36531,12.687,Under way using engine,,8.5,6.1,5,Unknown,,,Undefined,,,,Undefined,,,,AIS,,,,
28-01-21 0:00,Class A,273363000,54.560807,10.601497,Under way using engine,2.9,8.3,81.1,82,Unknown,,,Undefined,,,,Undefined,,,,AIS,,,,
28-01-21 0:00,Class A,230007000,56.085948,12.604887,Under way using engine,0,17.1,312.1,313,Unknown,,,Undefined,,,,Undefined,,,,AIS,,,,
28-01-21 0:00,Class A,219016683,56.803882,9.02337,Under way using engine,0,0,219.3,230,Unknown,,,Undefined,,,,Undefined,,,,AIS,,,,
28-01-21 0:00,Class A,219000771,55.471773,8.424147,Under way using engine,0,0,271,177,Unknown,,,Undefined,,,,Undefined,,,,AIS,,,,
28-01-21 0:00,Class A,219001431,54.999207,9.671145,Under way using engine,0,0,243,229,Unknown,,,Undefined,,,,Undefined,,,,AIS,,,,
28-01-21 0:00,AtoN,992651010,55.884242,12.759092,Unknown value,,,,,Unknown,,STAFFANSBANK EAST,Undefined,,2,2,Surveyed,,,,AIS,1,1,1,1
28-01-21 0:00,Class A,219000543,57.321095,11.12442,Under way using engine,0,0,243.2,86,Unknown,,,Undefined,,,,Undefined,,,,AIS,,,,
28-01-21 0:00,Class A,219024702,55.9637,11.843393,Under way using engine,,0,259.5,,Unknown,,,Undefined,,,,Undefined,,,,AIS,,,,
28-01-21 0:00,Class A,248275000,56.071522,6.960113,Under way using engine,0,11,216.7,214,Unknown,,,Undefined,,,,Undefined,,,,AIS,,,,
28-01-21 0:00,Class A,220256000,57.495753,10.501755,Under way using engine,0,0,228.1,136,Unknown,,,Undefined,,,,Undefined,,,,AIS,,,,
28-01-21 0:00,AtoN,992651016,55.62406,12.99018,Unknown value,,,,,Unknown,,IH 2,Undefined,,,,Surveyed,,,,AIS,,,,
28-01-21 0:00,Class A,219018636,56.000883,8.12289,Engaged in fishing,,0,,,Unknown,,,Undefined,,,,Undefined,,,,AIS,,,,
28-01-21 0:00,Class A,219002686,56.795213,8.864078,Under way using engine,,0,,,Unknown,,,Undefined,,,,Undefined,,,,AIS,,,,
28-01-21 0:00,Class A,219004203,56.621717,11.829217,Engaged in fishing,,2.5,195.1,,Unknown,,,Undefined,,,,Undefined,,,,AIS,,,,
28-01-21 0:00,Class A,265808520,57.771995,11.619102,Unknown value,0,0,140.1,51,Unknown,,,Undefined,,,,Undefined,,,,AIS,,,,
28-01-21 0:00,Class A,255806081,54.739408,15.616182,Under way using engine,0,16.5,259.5,260,Unknown,,,Undefined,,,,Undefined,,,,AIS,,,,
28-01-21 0:00,Class A,305979000,57.148018,11.614908,Under way using engine,0,14.8,162.3,160,Unknown,,,Undefined,,,,Undefined,,,,AIS,,,,
28-01-21 0:00,Class A,219026558,57.428625,10.502958,Under way using engine,,0,172.2,,Unknown,,,Undefined,,,,Undefined,,,,AIS,,,,
28-01-21 0:00,Class A,211783270,54.582267,10.026092,Under way using engine,0,0,,126,Unknown,,,Undefined,,,,Undefined,,,,AIS,,,,
28-01-21 0:00,Class A,219018526,91,181,Unknown value,,,,,9553579,OWDS,JEPPE JENSEN II,Tug,,7,19,GPS,2.9,DK-VEJLE,18-06-21 18:00,AIS,7,12,4,3
28-01-21 0:00,AtoN,992651006,55.91,12.741667,Unknown value,,,,,Unknown,,M8 VEN,Undefined,,,,Surveyed,,,,AIS,,,,
28-01-21 0:00,Class A,220307000,56.616073,11.879123,Under way using engine,,2.7,357.3,,Unknown,,,Undefined,,,,Undefined,,,,AIS,,,,
28-01-21 0:00,Class A,266343000,55.699888,10.807603,Under way using engine,0,17.6,3.2,3,9235517,SJLB,STENA SCANDINAVICA,Passenger,No additional information,30,243,GPS,6,SEGOT>DEKIEL>SEGOT,28-01-21 8:15,AIS,24,219,10,20
28-01-21 0:00,Class A,258523000,58.033193,9.666628,Under way using engine,,6.7,39.1,32,Unknown,,,Undefined,,,,Undefined,,,,AIS,,,,
28-01-21 0:00,Class A,273450080,54.636297,11.389727,Restricted maneuverability,,0.1,250.1,21,Unknown,,,Undefined,,,,Undefined,,,,AIS,,,,
28-01-21 0:00,Class A,356651000,55.62341,12.997123,Under way using engine,0,0,159.1,84,Unknown,,,Undefined,,,,Undefined,,,,AIS,,,,
28-01-21 0:00,Class A,232020276,56.202792,7.389583,Under way using engine,,5.8,92.5,92,Unknown,,,Undefined,,,,Undefined,,,,AIS,,,,
28-01-21 0:00,Class A,538005261,57.836708,10.22351,Under way using engine,0.2,11.6,257.9,257,Unknown,,,Undefined,,,,Undefined,,,,AIS,,,,
28-01-21 0:00,Class A,219024175,55.516182,10.569998,Under way using engine,0,0,138.1,212,Unknown,,,Undefined,,,,Undefined,,,,AIS,,,,
28-01-21 0:00,Class A,219003406,56.413902,10.922802,Under way using engine,,0.1,50.5,277,Unknown,,,Undefined,,,,Undefined,,,,AIS,,,,
28-01-21 0:00,Class A,331114000,55.059508,10.620602,Under way using engine,0,0,0,128,Unknown,,,Undefined,,,,Undefined,,,,AIS,,,,
28-01-21 0:00,Class A,257086660,55.847692,10.83841,Under way using engine,1.6,13.5,222,219,Unknown,,,Undefined,,,,Undefined,,,,AIS,,,,
28-01-21 0:00,Class A,265759020,55.675642,13.058597,Unknown value,,0,249.3,,Unknown,,,Undefined,,,,Undefined,,,,AIS,,,,
28-01-21 0:00,Class A,219011857,55.88055,11.136538,Under way using engine,,0,,,Unknown,,,Undefined,,,,Undefined,,,,AIS,,,,
28-01-21 0:00,Class A,219000605,55.460683,8.440467,Unknown value,0,0.1,249.9,266,Unknown,,,Undefined,,,,Undefined,,,,AIS,,,,
28-01-21 0:00,Class A,211403000,54.12625,8.862698,Engaged in fishing,0,0,255,229,Unknown,,,Undefined,,,,Undefined,,,,AIS,,,,
28-01-21 0:00,Class A,219005583,57.848947,9.788532,Engaged in fishing,0,0.9,179,102,Unknown,,,Undefined,,,,Undefined,,,,AIS,,,,
28-01-21 0:00,Class A,273370640,54.76801,15.176132,Restricted maneuverability,-0.7,0.1,224.9,222,9682423,UBAN4,MURMAN,Other,,18,87,Combined GPS/GLONASS,6.5,OFFSHORE,24-01-21 22:00,AIS,34,53,8,10
28-01-21 0:00,Class A,308121000,57.796127,11.132165,Under way using engine,0,15.5,250,250,Unknown,,,Undefined,,,,Undefined,,,,AIS,,,,
28-01-21 0:00,Class A,219017815,55.965883,11.844717,Under way using engine,0,0,65.1,246,9615781,OZEZ,ISEFJORD,Passenger,,12,50,GPS,,,,AIS,25,25,6,6
28-01-21 0:00,Class A,220135000,57.031283,8.4,Under way using engine,0,8.2,215.7,216,Unknown,,,Undefined,,,,Undefined,,,,AIS,,,,
28-01-21 0:00,Class A,219016938,54.934917,10.8339,Under way using engine,0,0,107,107,Unknown,,,Undefined,,,,Undefined,,,,AIS,,,,
28-01-21 0:00,Class A,265829480,57.683333,11.648952,Under way using engine,0,0,259.3,249,Unknown,,,Undefined,,,,Undefined,,,,AIS,,,,
28-01-21 0:00,Class A,219018486,57.12105,8.601283,Under way using engine,,0,210.8,,Unknown,,,Undefined,,,,Undefined,,,,AIS,,,,
28-01-21 0:00,Class A,220182000,56.734643,8.144975,Engaged in fishing,,9.8,298.1,300,Unknown,,,Undefined,,,,Undefined,,,,AIS,,,,
28-01-21 0:00,Class A,218601000,54.966742,14.051983,Under way using engine,0,10.4,232.3,233,Unknown,,,Undefined,,,,Undefined,,,,AIS,,,,
28-01-21 0:00,Class A,218849000,55.123545,7.26485,Restricted maneuverability,0,0.2,56.5,325,Unknown,,,Undefined,,,,Undefined,,,,AIS,,,,
28-01-21 0:00,Class A,211609560,55.016435,8.439455,Under way using engine,0,0.1,227.3,211,Unknown,,,Undefined,,,,Undefined,,,,AIS,,,,
28-01-21 0:00,Class A,265457000,57.739117,10.418922,Under way using engine,,10.9,253,252,Unknown,,,Undefined,,,,Undefined,,,,AIS,,,,
28-01-21 0:00,Class A,249446000,57.900515,11.126758,Under way using engine,0,13.4,160,163,Unknown,,,Undefined,,,,Undefined,,,,AIS,,,,
28-01-21 0:00,Class A,605086012,56.887975,7.298943,Under way using engine,0,11.4,209,209,Unknown,,,Undefined,,,,Undefined,,,,AIS,,,,
28-01-21 0:00,Class A,220051000,57.592287,9.956877,Engaged in fishing,0,0.1,192,15,Unknown,,,Undefined,,,,Undefined,,,,AIS,,,,
28-01-21 0:00,Class A,210925000,55.115927,14.27122,Under way using engine,0,17.9,39,40,Unknown,,,Undefined,,,,Undefined,,,,AIS,,,,
28-01-21 0:00,Class A,219904000,57.321203,11.12698,Engaged in fishing,0,0,229.8,155,Unknown,,,Undefined,,,,Undefined,,,,AIS,,,,
28-01-21 0:00,Base Station,2190075,55.027085,10.614567,Unknown value,,,,,Unknown,,,Undefined,,,,GPS,,,,AIS,,,,
28-01-21 0:00,Class A,219002176,54.93249,10.831823,Under way using engine,,0.1,237.4,,Unknown,,,Undefined,,,,Undefined,,,,AIS,,,,
28-01-21 0:00,Class A,273452000,56.146933,11.832067,Under way using engine,16.1,8.7,80.6,72,Unknown,,,Undefined,,,,Undefined,,,,AIS,,,,
28-01-21 0:00,Class A,219005513,57.122067,8.600938,Engaged in fishing,0,0,220.2,147,Unknown,,,Undefined,,,,Undefined,,,,AIS,,,,
28-01-21 0:00,Class A,219024783,55.475817,8.348505,Under way using engine,,10.9,230.5,226,Unknown,,,Undefined,,,,Undefined,,,,AIS,,,,
28-01-21 0:00,Class A,219026443,55.279065,14.801042,Under way using engine,0,0,103.7,310,Unknown,,,Undefined,,,,Undefined,,,,AIS,,,,
28-01-21 0:00,Class A,219025739,55.715692,10.016697,Under way sailing,0,0,60.1,313,Unknown,XPH4512,THYRA,Fishing,,6,16,GPS,,,,AIS,14,2,2,4
28-01-21 0:00,Class B,219017202,91,181,Unknown value,,,,,Unknown,XPE4414,SIMA,Pleasure,,3,9,Undefined,,,,AIS,9,,,3
28-01-21 0:00,Class A,220012000,56.67691,11.906103,Unknown value,0,2.6,258.5,273,Unknown,,,Undefined,,,,Undefined,,,,AIS,,,,
28-01-21 0:00,Class A,265280000,57.645295,11.858577,Under way using engine,0,0,60.2,289,Unknown,,,Undefined,,,,Undefined,,,,AIS,,,,
28-01-21 0:00,Class A,219017733,57.72001,10.593872,Under way using engine,,3.8,127,156,Unknown,,,Undefined,,,,Undefined,,,,AIS,,,,
28-01-21 0:00,Class A,257088370,55.06178,11.046047,Under way using engine,0,8.7,8.2,8,Unknown,,,Undefined,,,,Undefined,,,,AIS,,,,
28-01-21 0:00,Class A,219010873,57.719985,10.594332,Under way sailing,0,0,219.8,61,Unknown,,,Undefined,,,,Undefined,,,,AIS,,,,
28-01-21 0:00,Class A,245044000,54.585838,11.21136,Under way using engine,0,9.1,295.9,293,Unknown,,,Undefined,,,,Undefined,,,,AIS,,,,
28-01-21 0:00,Class A,219012073,55.038495,10.570408,Under way using engine,0,5.3,61.5,60,Unknown,,,Undefined,,,,Undefined,,,,AIS,,,,
28-01-21 0:00,Class A,525107008,57.818933,9.632317,Under way using engine,,12.2,259,256,Unknown,,,Undefined,,,,Undefined,,,,AIS,,,,
28-01-21 0:00,Class A,245808000,57.066565,10.729828,Under way using engine,0,7.5,174.6,170,Unknown,,,Undefined,,,,Undefined,,,,AIS,,,,
28-01-21 0:00,Class A,220349000,57.321525,11.12588,Engaged in fishing,0,0,,88,Unknown,,,Undefined,,,,Undefined,,,,AIS,,,,
28-01-21 0:00,Class A,235008380,56.251078,7.57509,Engaged in fishing,0,3.4,77.9,64,Unknown,,,Undefined,,,,Undefined,,,,AIS,,,,
28-01-21 0:00,Class A,246857000,57.718688,10.596158,Under way sailing,0,0,317,229,Unknown,,,Undefined,,,,Undefined,,,,AIS,,,,
28-01-21 0:00,Class A,219001543,56.153818,10.217408,Under way using engine,,0,231.2,,Unknown,,,Undefined,,,,Undefined,,,,AIS,,,,
28-01-21 0:00,Class A,219005511,54.992362,9.98541,Under way using engine,,0,,227,Unknown,,,Undefined,,,,Undefined,,,,AIS,,,,
28-01-21 0:00,Class A,219000195,55.255205,12.474122,Under way using engine,0,8.6,0.8,1,8400048,OUSR,BALTIC,Dredging,,12,66,GPS,4.5,AVEDOERE,28-01-21 1:30,AIS,48,18,6,6
28-01-21 0:00,Class A,258656000,57.627685,11.689657,Under way using engine,0,10.2,29.1,32,9107136,LAXP7,NORHOLM,Cargo,,15,94,GPS,3.6,GOTHENBURG 812,28-01-21 1:00,AIS,82,12,9,6
28-01-21 0:00,Class A,231355000,57.114175,12.238653,Under way using engine,0,0,56.5,15,Unknown,,,Undefined,,,,Undefined,,,,AIS,,,,
28-01-21 0:00,Class A,219007155,54.655803,11.34541,Under way using engine,,0,0,,Unknown,,,Undefined,,,,Undefined,,,,AIS,,,,
28-01-21 0:00,Class A,205682000,54.881537,14.01036,Restricted maneuverability,-4.5,0.1,265,246,Unknown,,,Undefined,,,,Undefined,,,,AIS,,,,
28-01-21 0:00,Class A,211405010,54.497578,8.807397,Under way using engine,0,0,82.2,355,Unknown,,,Undefined,,,,Undefined,,,,AIS,,,,
28-01-21 0:00,Class A,211593750,56.693012,8.223222,Unknown value,0,0,214.1,70,Unknown,,,Undefined,,,,Undefined,,,,AIS,,,,
28-01-21 0:00,Class A,219027752,57.836388,10.175093,Unknown value,,8.4,28.3,26,Unknown,OYOL,ELIN,Fishing,,8,24,GPS,,,,AIS,24,,4,4
28-01-21 0:00,Class A,265009000,57.6726,8.664835,Restricted maneuverability,0,3.2,54,40,Unknown,,,Undefined,,,,Undefined,,,,AIS,,,,
28-01-21 0:00,Class A,211750690,55.451757,8.480528,Under way using engine,0,0,58,57,Unknown,,,Undefined,,,,Undefined,,,,AIS,,,,
28-01-21 0:00,Class A,219801000,57.71956,10.590323,Engaged in fishing,0,0,236.5,240,Unknown,,,Undefined,,,,Undefined,,,,AIS,,,,
28-01-21 0:00,Base Station,2190072,57.523658,9.963753,Unknown value,,,,,Unknown,,,Undefined,,,,GPS,,,,AIS,,,,
28-01-21 0:00,Class A,219000558,91,181,Unknown value,,,,,7944762,OZLP2,GRETE FIGHTER,Dredging,,12,47,GPS,2.4,TRELLEBORG,26-01-21 6:00,AIS,32,15,9,3
28-01-21 0:00,Class A,257961000,55.040333,12.89994,Under way using engine,0,10.4,133.7,138,9231535,LAXK7,NORMAND CUTTER,Other,,27,127,GPS,6.3,KREIGERS FLAK,28-01-21 1:00,AIS,39,88,13,14
28-01-21 0:00,Class A,219570000,55.072755,12.806548,Under way using engine,0,2.4,238.8,234,Unknown,,,Undefined,,,,Undefined,,,,AIS,,,,
28-01-21 0:00,Class A,538002779,55.208797,13.317087,Under way using engine,0,12.5,95,97,Unknown,,,Undefined,,,,Undefined,,,,AIS,,,,
28-01-21 0:00,Class A,219001461,55.600762,12.481702,Under way using engine,0,0,305.7,173,Unknown,,,Undefined,,,,Undefined,,,,AIS,,,,
28-01-21 0:00,Class A,248971000,54.75546,12.621305,Under way using engine,0,10.3,238.1,237,Unknown,,,Undefined,,,,Undefined,,,,AIS,,,,
28-01-21 0:00,Class A,265704000,57.645452,11.85891,Under way using engine,0,0,227.2,289,Unknown,,,Undefined,,,,Undefined,,,,AIS,,,,
28-01-21 0:00,Class A,219000647,55.058322,10.618425,Under way using engine,0,0,228.9,358,Unknown,,,Undefined,,,,Undefined,,,,AIS,,,,
28-01-21 0:00,Class A,219018493,56.000267,8.129617,Under way using engine,,0,226.4,,Unknown,,,Undefined,,,,Undefined,,,,AIS,,,,
28-01-21 0:00,Class A,215594000,54.672702,14.195795,Under way using engine,0,11.8,286.2,285,Unknown,,,Undefined,,,,Undefined,,,,AIS,,,,
28-01-21 0:00,Class A,209764000,55.396,14.827,Under way using engine,,18.8,81,,Unknown,,,Undefined,,,,Undefined,,,,AIS,,,,
28-01-21 0:00,AtoN,992111851,54.441603,7.678912,Unknown value,,,,,Unknown,,NSO 0 PLATFORM,Undefined,,,,GPS,,,,AIS,,,,
28-01-21 0:00,Class A,219023648,56.106907,11.234473,Under way using engine,,15.5,326.4,326,Unknown,,,Undefined,,,,Undefined,,,,AIS,,,,
28-01-21 0:00,Class A,636092635,58.119042,9.686948,Under way using engine,0.7,15.6,224.7,222,Unknown,,,Undefined,,,,Undefined,,,,AIS,,,,
28-01-21 0:00,Class A,209974000,55.025923,10.053753,Under way using engine,0,6.3,325.3,325,Unknown,,,Undefined,,,,Undefined,,,,AIS,,,,
28-01-21 0:00,Class A,219004596,57.593558,9.956892,Unknown value,0,0,220.7,225,Unknown,,,Undefined,,,,Undefined,,,,AIS,,,,
28-01-21 0:00,Class A,219078000,55.48029,5.091073,Under way using engine,0,3,164.7,342,Unknown,,,Undefined,,,,Undefined,,,,AIS,,,,
28-01-21 0:00,Class A,219000333,57.713885,10.580353,Under way sailing,,0,187.4,,Unknown,,,Undefined,,,,Undefined,,,,AIS,,,,
28-01-21 0:00,Class A,219006622,57.13956,9.127193,Unknown value,,0,243.3,,Unknown,,,Undefined,,,,Undefined,,,,AIS,,,,
28-01-21 0:00,Class A,219023945,54.933358,10.832655,Under way using engine,,0,0,,Unknown,,,Undefined,,,,Undefined,,,,AIS,,,,
28-01-21 0:00,Class A,636092048,57.831833,10.880667,Under way using engine,3.6,18.1,308,309,Unknown,,,Undefined,,,,Undefined,,,,AIS,,,,
28-01-21 0:00,Class A,211395930,54.265807,8.848097,Under way using engine,0,0,,260,Unknown,,,Undefined,,,,Undefined,,,,AIS,,,,
28-01-21 0:00,Class A,266145000,58.014533,11.217767,Engaged in fishing,,4.3,174.4,,Unknown,,,Undefined,,,,Undefined,,,,AIS,,,,
28-01-21 0:00,Class A,219004043,55.087283,8.565333,Unknown value,0,0,0,160,Unknown,,,Undefined,,,,Undefined,,,,AIS,,,,
28-01-21 0:00,Class A,538008428,91,181,Unknown value,,,,,9353084,V7A2348,DALE,Tanker,No additional information,28,185,GPS,6.8,GOTHENBURG,24-01-21 17:00,AIS,157,28,12,16
28-01-21 0:00,Class A,265009000,57.6726,8.664835,Restricted maneuverability,0,3.2,54,40,Unknown,,,Undefined,,,,Undefined,,,,AIS,,,,
28-01-21 0:00,Class A,220628000,57.593435,9.973008,Unknown value,0,0,228.8,313,Unknown,,,Undefined,,,,Undefined,,,,AIS,,,,
28-01-21 0:00,Class A,305287000,54.628727,14.54757,Under way using engine,-4.5,16.8,266,263,Unknown,,,Undefined,,,,Undefined,,,,AIS,,,,
28-01-21 0:00,Class B,219015604,91,181,Unknown value,,,,,Unknown,XP8607,,Port tender,,5,10,Undefined,,,,AIS,4,6,3,2
28-01-21 0:00,Class A,219000872,56.990947,10.308307,Under way using engine,,0,15.9,,Unknown,,,Undefined,,,,Undefined,,,,AIS,,,,
28-01-21 0:00,Class A,219025245,57.543553,9.713035,Engaged in fishing,0,7.5,236.3,236,Unknown,,,Undefined,,,,Undefined,,,,AIS,,,,
28-01-21 0:00,Class A,219015591,57.213868,9.686702,At anchor,,0,0,,Unknown,,,Undefined,,,,Undefined,,,,AIS,,,,
28-01-21 0:00,Class A,273218060,55.463858,10.934773,Under way using engine,0,4.6,324.7,327,Unknown,,,Undefined,,,,Undefined,,,,AIS,,,,
28-01-21 0:00,Class A,265797590,55.867907,12.82361,Under way using engine,,0,,,Unknown,,,Undefined,,,,Undefined,,,,AIS,,,,
28-01-21 0:00,Class A,211797460,54.660333,9.934512,Under way using engine,,0,,,Unknown,,,Undefined,,,,Undefined,,,,AIS,,,,
28-01-21 0:00,Class A,305530000,56.26441,3.716582,Under way using engine,0,12.9,193,193,Unknown,,,Undefined,,,,Undefined,,,,AIS,,,,
28-01-21 0:00,Class A,219197000,55.460517,8.445267,Under way using engine,,0,0,,Unknown,,,Undefined,,,,Undefined,,,,AIS,,,,
28-01-21 0:00,Class A,244750825,54.638833,11.378667,Restricted maneuverability,0,0,24,291,Unknown,,,Undefined,,,,Undefined,,,,AIS,,,,
28-01-21 0:00,Class A,219017917,54.937615,10.702815,Under way using engine,0,0,176.6,173,Unknown,,,Undefined,,,,Undefined,,,,AIS,,,,
28-01-21 0:00,Class A,273544130,56.436752,11.515043,Under way using engine,0,5,213.7,218,Unknown,,,Undefined,,,,Undefined,,,,AIS,,,,
28-01-21 0:00,Class A,249377000,57.766267,10.293995,Under way using engine,0,10.4,73,70,Unknown,,,Undefined,,,,Undefined,,,,AIS,,,,
28-01-21 0:00,Class A,212900000,55.954168,11.99993,Under way using engine,0,4.4,70.2,66,Unknown,,,Undefined,,,,Undefined,,,,AIS,,,,
28-01-21 0:00,Class A,244674000,55.185925,14.365508,Under way using engine,0,12.6,40.1,41,Unknown,,,Undefined,,,,Undefined,,,,AIS,,,,
28-01-21 0:00,Class A,219014579,56.517152,8.61423,Under way using engine,0,0,298.8,118,Unknown,,,Undefined,,,,Undefined,,,,AIS,,,,
28-01-21 0:00,Class A,265630900,55.939638,12.773308,Engaged in fishing,,0,0,,Unknown,,,Undefined,,,,Undefined,,,,AIS,,,,
28-01-21 0:00,Class A,236339000,55.229837,14.257185,Under way using engine,0,10.6,255,252,Unknown,,,Undefined,,,,Undefined,,,,AIS,,,,
28-01-21 0:00,Class A,219000176,55.676067,11.101825,Moored,0,0.1,239.3,345,Unknown,,,Undefined,,,,Undefined,,,,AIS,,,,
28-01-21 0:00,Class A,566696000,56.359722,3.88225,Unknown value,0,0,298.8,317,Unknown,,,Undefined,,,,Undefined,,,,AIS,,,,
28-01-21 0:00,Class A,265410000,57.659737,11.768467,Under way using engine,21.6,19.1,247.5,251,9125944,SEAN,STENA JUTLANDICA,Passenger,Category OS,33,183,GPS,6,SEGOT>DKFDH>SEGOT,28-01-21 2:10,AIS,30,153,28,5
28-01-21 0:00,Class A,219011018,57.495667,10.50145,Engaged in fishing,0,0,237,230,Unknown,,,Undefined,,,,Undefined,,,,AIS,,,,
28-01-21 0:00,Class A,209014000,55.043423,11.024502,Under way using engine,0,10.2,185.8,187,Unknown,,,Undefined,,,,Undefined,,,,AIS,,,,
28-01-21 0:00,Class A,261000580,54.708713,15.535492,Restricted maneuverability,,6.9,90.6,87,Unknown,,,Undefined,,,,Undefined,,,,AIS,,,,
28-01-21 0:00,Class A,257087170,57.186427,8.402415,Under way using engine,,8.4,296.7,296,Unknown,,,Undefined,,,,Undefined,,,,AIS,,,,
28-01-21 0:00,Class A,538002757,55.371152,5.782295,Under way using engine,0,12,27.6,28,Unknown,,,Undefined,,,,Undefined,,,,AIS,,,,
28-01-21 0:00,Class A,220619000,55.807913,10.64529,Under way using engine,0,0,20.5,230,Unknown,,,Undefined,,,,Undefined,,,,AIS,,,,
28-01-21 0:00,Class A,255924000,57.419178,10.582467,Under way using engine,-2.2,5.5,309.6,316,Unknown,,,Undefined,,,,Undefined,,,,AIS,,,,
28-01-21 0:00,Class A,241343000,57.246667,11.55869,Under way using engine,0,13.3,158.5,156,Unknown,,,Undefined,,,,Undefined,,,,AIS,,,,
28-01-21 0:00,Class A,219751000,57.38208,7.8252,Engaged in fishing,,8.7,295.1,296,Unknown,OXMX,AGGERSOE,Fishing,,6,27,GPS,3.5,HJEM TIL KAERSTEN,,AIS,21,6,3,3
28-01-21 0:00,Class A,219002159,57.718227,10.592803,Under way sailing,0,0,348.7,61,Unknown,,,Undefined,,,,Undefined,,,,AIS,,,,
28-01-21 0:00,Class A,219011225,56.004562,8.122222,Engaged in fishing,0,0,208.4,241,Unknown,,,Undefined,,,,Undefined,,,,AIS,,,,
28-01-21 0:00,Base Station,2190067,91,181,Unknown value,,,,,Unknown,,,Undefined,,,,Undefined,,,,AIS,,,,
28-01-21 0:00,Class A,219013976,57.190163,8.417987,At anchor,,7.3,116.8,,Unknown,,,Undefined,,,,Undefined,,,,AIS,,,,
28-01-21 0:00,Class A,219798000,56.370413,8.120012,Under way using engine,0,0,237.8,357,Unknown,,,Undefined,,,,Undefined,,,,AIS,,,,
28-01-21 0:00,Class A,230034540,57.689738,11.82421,Under way using engine,0,0.1,272.9,321,Unknown,,,Undefined,,,,Undefined,,,,AIS,,,,
28-01-21 0:00,Class A,220295000,57.593285,9.962365,Engaged in fishing,0,0,143.7,127,Unknown,,,Undefined,,,,Undefined,,,,AIS,,,,
28-01-21 0:00,Class A,209030000,55.047633,13.884533,Under way using engine,3.6,10.1,249.1,248,Unknown,,,Undefined,,,,Undefined,,,,AIS,,,,
28-01-21 0:00,Class A,246605000,57.458713,7.941698,Under way using engine,0,12.3,35.3,34,Unknown,,,Undefined,,,,Undefined,,,,AIS,,,,
28-01-21 0:00,Class A,219110000,57.8021,10.399917,Under way using engine,-2.2,16.3,89.5,87,Unknown,,,Undefined,,,,Undefined,,,,AIS,,,,
28-01-21 0:00,Base Station,2190067,91,181,Unknown value,,,,,Unknown,,,Undefined,,,,Undefined,,,,AIS,,,,
28-01-21 0:00,Class A,249377000,57.766267,10.293995,Under way using engine,0,10.4,73,70,Unknown,,,Undefined,,,,Undefined,,,,AIS,,,,
28-01-21 0:00,Class B,219010979,56.695073,8.218622,Unknown value,,0,0,,Unknown,XPD8252,TSR ELECTRONIC,Port tender,,16,40,Undefined,,,,AIS,20,20,8,8
